method,scenario,n,throughput_mbps_mean,throughput_mbps_std,embb_throughput_mbps_mean,embb_throughput_mbps_std,urllc_throughput_mbps_mean,urllc_throughput_mbps_std,center_embb_throughput_mbps_mean,center_embb_throughput_mbps_std,edge_embb_throughput_mbps_mean,edge_embb_throughput_mbps_std,min_embb_throughput_mbps_mean,min_embb_throughput_mbps_std,min_embb_satisfaction_ratio_mean,min_embb_satisfaction_ratio_std,mean_embb_satisfaction_ratio_mean,mean_embb_satisfaction_ratio_std,latency_violation_mean,latency_violation_std,rate_deficit_cost_mean,rate_deficit_cost_std,rate_violation_fraction_mean,rate_violation_fraction_std,drop_ratio_mean,drop_ratio_std,packet_deadline_miss_ratio_mean,packet_deadline_miss_ratio_std,worst_urllc_deadline_miss_ratio_mean,worst_urllc_deadline_miss_ratio_std,urllc_delay_p95_ms_mean,urllc_delay_p95_ms_std,urllc_delay_p99_ms_mean,urllc_delay_p99_ms_std,jain_fairness_mean,jain_fairness_std,avg_prb_embb_mean,avg_prb_embb_std,avg_prb_urllc_mean,avg_prb_urllc_std,avg_safety_reserved_prbs_mean,avg_safety_reserved_prbs_std,safety_activation_fraction_mean,safety_activation_fraction_std,safety_cap_hit_fraction_mean,safety_cap_hit_fraction_std,avg_urllc_class_share_mean,avg_urllc_class_share_std,std_urllc_class_share_mean,std_urllc_class_share_std,avg_embb_sla_weight_mean,avg_embb_sla_weight_std,avg_reference_urllc_share_mean,avg_reference_urllc_share_std,avg_reference_embb_weight_mean,avg_reference_embb_weight_std,avg_delta_rho_mean,avg_delta_rho_std,std_delta_rho_mean,std_delta_rho_std,avg_delta_beta_mean,avg_delta_beta_std,std_delta_beta_mean,std_delta_beta_std,inference_us_mean,inference_us_std
PF,nominal_hetero,5,19.65892832,0.1707652243413519,14.735929279999999,0.11756798285601416,4.9229990400000005,0.057408260549576096,8.99867488,0.001085587413339409,5.7372544,0.11709030141903355,1.56678,0.10042357652264741,1.2118222424242422,0.000381645198910196,1.3970710959595958,0.017254928902390273,0.2678900003433228,0.029092521667572948,0.00023161042481660842,0.00032081903955459584,0.0044800000000000005,0.007630124871557186,0.0011715393422415167,0.001822508559660063,0.2636940300010623,0.024426676888312453,0.7095079154314758,0.08771666990712298,260.55999999999915,136.0601631632116,490.92199999999866,227.87260173175684,0.8691687424127602,0.004348644446122981,70.98563999999999,0.5162427558813749,35.014359999999996,0.5162427558813775,0.0,0.0,0.0,0.0,0.0,0.0,,,,,,,,,,,,,,,,,,,17.2,4.519402615390667
PF,load_surge,5,22.216205600000002,0.32114087937053487,17.34677616,0.25911522442058105,4.86942944,0.08177722363475078,10.74429216,0.002276671985157153,6.602484000000001,0.2597977135726947,1.84752976,0.27807723626785424,1.443352026936027,0.00819496469491717,1.634495522671156,0.04072651352092428,0.2147849977016449,0.06458519044018482,7.098765308910515e-09,1.5873321787041206e-08,3.333333333333333e-06,7.453559924999298e-06,0.006831427798185521,0.006480184117235022,0.21359477848999586,0.05830792116832228,0.5663056687413632,0.1546744526496828,186.55999999999986,173.15301903230005,381.6,265.0232065310508,0.8293430301702653,0.00847391656647024,68.65892,0.30982202471741943,37.34108,0.3098220247174171,0.0,0.0,0.0,0.0,0.0,0.0,,,,,,,,,,,,,,,,,,,17.2,4.56508488420533
PF,edge_fade,5,17.86925648,0.1577625859824555,13.61289072,0.14575478254833374,4.2563657599999996,0.17863919860939825,9.000415199999999,0.0037139750349185884,4.612475519999999,0.14556563937699019,1.0930356800000003,0.12311462085663102,1.0109231851851852,0.1127415791184091,1.2336541628507294,0.02126127365504781,0.3846499979496002,0.019201337495926927,0.0035273849032819273,0.005028915422231426,0.04599666666666667,0.06299216485669733,0.06094393172756048,0.006893732232624371,0.32307357616528465,0.019306744900373565,0.7678085025919321,0.08673725379352575,1287.0,442.2934546203459,1754.4279999999999,821.8411013815263,0.8098215935063424,0.007106260341352758,70.28792000000001,0.4161029403885549,35.71208,0.41610294038855306,0.0,0.0,0.0,0.0,0.0,0.0,,,,,,,,,,,,,,,,,,,17.18,4.491881565669336
PF,bursty_urllc,5,21.5347664,0.3200025942959863,14.879586719999997,0.041661119007919294,6.655179680000001,0.31403270453867055,9.000377760000001,0.0028378311380343104,5.87920896,0.042752991022944824,1.6980950400000001,0.05528373697180755,1.2121768484848485,0.0007517773736070069,1.418388331537598,0.006812773999284084,0.5580299973487854,0.007932332748099622,0.0003722173161804676,0.0005231564674404503,0.007673333333333333,0.010258564172869852,0.054872983530262764,0.014349997166133603,0.6069385971097472,0.013680272230452407,0.9373464148348247,0.040059240895630135,710.2,143.78177909596195,848.8,149.6452471680942,0.9274846338748632,0.009116062261047378,69.90094,0.2571992573861767,36.09906,0.25719925738617505,0.0,0.0,0.0,0.0,0.0,0.0,,,,,,,,,,,,,,,,,,,17.080000000000002,4.266966135323785
PF,mixed_dynamic,5,21.541763999999997,0.16213824757015147,16.008096799999997,0.14230705212940153,5.5336672,0.1358444820638657,10.428328160000001,0.003757205787284032,5.57976864,0.14304035105370805,1.3424223999999998,0.1149117602267061,1.2429837037037035,0.1063997779876909,1.4631591800224466,0.02093682243258865,0.4598599970340729,0.035491984980924964,0.0003431451506912708,0.0007672958830950906,0.0076300000000000005,0.017061198668323393,0.062075972758192974,0.006342995158101308,0.4549927330957577,0.03570348627351776,0.9413866341868895,0.03473613156470326,876.1699999999997,109.54996348698634,1204.4,141.43302301796422,0.8394600730483436,0.006213925555406253,68.03792000000001,0.2507150015455743,37.96208,0.25071500154558046,0.0,0.0,0.0,0.0,0.0,0.0,,,,,,,,,,,,,,,,,,,14.160000000000002,0.1816590212458498
PF,hotspot_unseen,5,19.545146879999997,0.24176319986075614,14.68687088,0.22002522931016746,4.858276000000001,0.108380931705905,8.8728504,0.07721513479208648,5.81402048,0.21498622357619085,1.6309790400000002,0.22464336106559663,1.1958454208754208,0.030453082455911724,1.3984676322109988,0.03324713379518135,0.37164499759674074,0.03008760010525716,3.871327862725593e-07,8.6565522642434e-07,0.00011333333333333331,0.00025342103744997616,0.12088774258456776,0.010710506014218342,0.40791480265709235,0.01953612983277024,0.8391746990353658,0.05506683068195454,1070.4900000000002,132.44244221547726,1367.89,243.35811328164078,0.8693866179063148,0.0073368528660273605,70.14984,0.049420471466788775,35.85016,0.04942047146679087,0.0,0.0,0.0,0.0,0.0,0.0,,,,,,,,,,,,,,,,,,,15.639999999999997,3.6122015447646336
PF,tight_sla,5,19.73385216,0.19660322554293874,14.858060959999998,0.11463590609493934,4.8757912,0.10255039743345701,9.0012568,0.004762822121389732,5.856804159999999,0.11480969992665267,1.66553952,0.11914231707077046,1.2124390303030304,0.0008824701692593624,1.4147351062850728,0.017804872534162127,0.2824999988079071,0.028455651934919328,5.4176486446522174e-05,0.00010469995715926798,0.0006899999999999999,0.001038134009760889,0.0015305259004736063,0.0016621849028979137,0.28588715547593363,0.023163741419600214,0.753218081827631,0.14154109950196594,315.05999999999915,191.18668363670074,543.4839999999997,283.56576182607085,0.8698426265855146,0.00633497309643345,71.10113999999999,0.31400444742073386,34.89886,0.3140044474207335,0.0,0.0,0.0,0.0,0.0,0.0,,,,,,,,,,,,,,,,,,,17.139999999999997,4.216989447461305
EDF,nominal_hetero,5,7.941953280000002,0.11064490501,2.9876403200000006,0.09123802877590026,4.95431296,0.03793414368465445,2.87268016,0.11624668568440133,0.11496016,0.06203886826923909,0.004987360000000001,0.0030314220240672527,0.004109022222222222,0.002559158000033566,0.2024276842873176,0.005090914594353827,0.0052500000223517414,0.0037620224763878695,0.7728496551513672,0.016279844192341374,0.9521466666666667,0.01515285726631563,0.5063198118759923,0.005520901687630467,0.014155400021837697,0.009174504945270738,0.020936031548708572,0.014325659412193421,4.4,0.5477225575051662,7.6,1.816590212458495,0.5726891349692067,0.0189021349101074,4.88872,0.15368172305124667,101.11128,0.15368172305124753,0.0,0.0,0.0,0.0,0.0,0.0,,,,,,,,,,,,,,,,,,,8.3,1.7888543819998315
EDF,load_surge,5,8.00582464,0.20284127016948003,3.1147604799999997,0.2794692172418849,4.89106416,0.09127700036859229,3.0004211199999995,0.2505804337399709,0.11433936,0.05662110554738402,0.007754559999999999,0.008994292757521295,0.006556355555555555,0.0074632188345806596,0.2114661585858586,0.019498265081987057,0.004139999952167272,0.003276268753620878,0.7587674617767334,0.022042749732253064,0.9600866666666666,2.9814239699944263e-05,0.5650904650705034,0.010116094508113785,0.010874831136884098,0.007229927403673282,0.017310232301307044,0.010454470012217235,4.4,0.5477225575051662,7.2,1.3038404810405297,0.5837717002181473,0.03424862303396312,5.1622,0.4908727126251773,100.8378,0.4908727126251768,0.0,0.0,0.0,0.0,0.0,0.0,,,,,,,,,,,,,,,,,,,8.42,2.00174923504419
EDF,edge_fade,5,6.90216848,0.29449626294490056,1.9837671999999997,0.31181804880975056,4.918401279999999,0.038534387778606266,1.92947248,0.29761576758584535,0.05429472,0.03169197613327386,0.0,0.0,0.0,0.0,0.13373959416386083,0.021201658848722504,0.10813499987125397,0.05833976322880358,0.7855064749717713,0.021529109115822006,0.94934,0.016833055278231566,0.5570780810069914,0.015286218494918404,0.17126070858330442,0.07128210288504888,0.2286693466921245,0.09213319331813925,13.8,4.207136793592526,26.8,5.932958789676531,0.5855949580454058,0.007834729470334971,3.2648,0.5431918261535238,102.73519999999999,0.5431918261535247,0.0,0.0,0.0,0.0,0.0,0.0,,,,,,,,,,,,,,,,,,,8.2,1.5652475842498528
EDF,bursty_urllc,5,9.401988800000002,0.16306685581858663,1.4263024,0.1958944766755815,7.975686399999999,0.06561451909570072,1.3625358399999998,0.18644618764192517,0.06376656,0.029417989594940033,0.00377952,0.0057283607037266785,0.0032602666666666667,0.0048327245961488656,0.09785757856341189,0.01346197638763886,0.08792500048875809,0.044651081175454514,0.8364608407020568,0.01216654786382835,0.9600766666666665,5.2174919474939694e-05,0.5080395207527186,0.007110754238005794,0.16524299419535965,0.07580400750280979,0.20868165283299905,0.08935687666960954,15.6,6.18869937870632,31.8,9.884331034521255,0.5086956119860112,0.012534158635948837,2.34048,0.2890711538704615,103.65952,0.289071153870464,0.0,0.0,0.0,0.0,0.0,0.0,,,,,,,,,,,,,,,,,,,7.580000000000001,0.08366600265340758
EDF,mixed_dynamic,5,8.156805440000001,0.1284470814396652,1.6938108800000002,0.14061785166966537,6.46299456,0.06765795652225999,1.6457792000000002,0.16217308539606692,0.04803168,0.034326873281905534,0.0,0.0,0.0,0.0,0.11505538338945005,0.008287687116698342,0.12024999856948852,0.02534340370701333,0.793891704082489,0.01396735062140559,0.9595033333333332,0.0010177862687661184,0.5774614221777881,0.005386972898767716,0.20589488702850076,0.04169860320268337,0.24750925906063506,0.052234418533656325,24.4,6.6558245169174945,48.0,12.186057606953941,0.5502722910766877,0.009909356300186481,2.79416,0.20120464209356592,103.20584,0.2012046420935662,0.0,0.0,0.0,0.0,0.0,0.0,,,,,,,,,,,,,,,,,,,7.5600000000000005,0.08944271909999162
EDF,hotspot_unseen,5,7.649735359999999,0.2168138425273808,1.65635312,0.2637649757829725,5.99338224,0.09731245167340116,1.5969904000000001,0.24569939601716578,0.05936272,0.03996394306311628,0.00276192,0.0038385171136781455,0.0023016,0.0031987642613984547,0.1117790579124579,0.017715983438280573,0.1304199978709221,0.02888130030772676,0.8174371123313904,0.0241930691310798,0.9601,0.0,0.5811061616004789,0.010376295549368648,0.20845669904240896,0.04359314408725822,0.29376474752314347,0.06078760222886422,33.30999999999985,10.068788407747663,61.8,17.22498185775532,0.5073890297326578,0.012483939782824211,2.72208,0.4416143702372014,103.27792,0.44161437023720107,0.0,0.0,0.0,0.0,0.0,0.0,,,,,,,,,,,,,,,,,,,7.5200000000000005,0.044721359549995635
EDF,tight_sla,5,7.98820528,0.2539241579310487,3.06213616,0.3340480711272079,4.926069119999999,0.08706209647758337,2.9791708800000003,0.34416715713738877,0.08296528,0.03771205161048653,0.0061788799999999994,0.004747721124076266,0.005388014814814815,0.004391614489940788,0.20641454051627384,0.02132225471727742,0.013209999911487103,0.0072402648448912695,0.770354402065277,0.028037774374324184,0.9522566666666666,0.011135164520063866,0.5041373121589243,0.014222069977231435,0.04534778428673438,0.017185640928791438,0.06671340416983805,0.02104163849146288,5.0,0.7071067811865476,7.6,1.51657508881031,0.5850656632762133,0.027737557896363438,5.02652,0.5013138857043559,100.97348,0.5013138857043548,0.0,0.0,0.0,0.0,0.0,0.0,,,,,,,,,,,,,,,,,,,7.5200000000000005,0.044721359549995635
DeadlineAwarePF,nominal_hetero,5,19.755597119999997,0.136067339419981,14.80103136,0.1114798256739216,4.9545657599999995,0.037979073203647316,8.99724432,0.0028024495342468306,5.80378704,0.11010664956835252,1.6272064,0.0911859431833656,1.2118222424242422,0.000381645198910196,1.4070182453423121,0.01628129320572483,0.0006699999852571636,0.0010614553435620482,0.00012967445072717965,0.0001852401124697513,0.0025166666666666666,0.003727227149265553,8.437582237082684e-05,0.00018699374976975,0.0023999807113260704,0.002809016693905709,0.004551416487249843,0.00563102342842244,1.4,0.5477225575051661,3.2,1.3038404810405297,0.8718636451348531,0.0031762923929351634,77.75582,1.9761692442703365,28.24418,1.9761692442703376,0.0,0.0,0.0,0.0,0.0,0.0,,,,,,,,,,,,,,,,,,,25.580000000000002,1.8566098136118956
DeadlineAwarePF,load_surge,5,22.491396639999998,0.3065031339321142,17.5989768,0.253958676576171,4.89241984,0.09230727530746438,10.74371248,0.003436318104017225,6.855264319999999,0.2555987291258546,1.92526368,0.22197384201106224,1.4469011515151515,0.00032957923198546424,1.6691110413019081,0.03901488685598956,0.0011049999855458736,0.0014861232966642155,0.0,0.0,0.0,0.0,0.0034863511447091656,0.004986919218513163,0.0022252287326898043,0.002942396989979011,0.0042034539917196415,0.0056745330697600795,1.4,0.5477225575051661,2.8,1.0954451150103321,0.8337733516335122,0.007416240498026085,78.78428,3.3688668676574323,27.215719999999997,3.3688668676574327,0.0,0.0,0.0,0.0,0.0,0.0,,,,,,,,,,,,,,,,,,,27.459999999999997,6.008993260106056
DeadlineAwarePF,edge_fade,5,17.722169760000003,0.6418173608063639,12.8028552,0.6353149332256556,4.919314560000001,0.038882801419239325,8.713558879999999,0.43716693223256453,4.08929632,0.21389535869418036,0.9680945599999999,0.08020020323046574,0.8904387111111112,0.06801428636692183,1.1439195499438832,0.05696982509266974,0.03805999979376793,0.019888537428390533,0.00588157496531494,0.0041520160828533,0.08368,0.04201510707141209,0.060489329484354905,0.023944336981753654,0.06311014343984925,0.028740436915208972,0.0888995557687027,0.036300304468345666,7.6,2.3021728866442674,18.6,5.128352561983234,0.8320690848888942,0.009486255538938695,57.0384,6.06539193581091,48.9616,6.06539193581091,0.0,0.0,0.0,0.0,0.0,0.0,,,,,,,,,,,,,,,,,,,25.500000000000004,6.113509630318742
DeadlineAwarePF,bursty_urllc,5,22.34946208,0.368973658014596,14.37338656,0.4041198697770345,7.976075519999999,0.06565895179815188,8.96304944,0.080930069351558,5.4103371199999994,0.3395640103043195,1.5140060800000001,0.12050465438526423,1.2116722356902356,0.0005129306746277006,1.3496844273849606,0.051032971612459926,0.043710000813007355,0.025010446498877483,0.0004020158728962997,0.000641110967260093,0.009693333333333333,0.01093162207136302,0.008925636210963421,0.011808432129586228,0.075562897455745,0.041514392969772156,0.09336293718772283,0.05183444312587629,9.289999999999418,4.956863927929336,25.0,9.327379053088816,0.9389605639414611,0.00632302848636454,57.81712,5.246252208195863,48.18288,5.246252208195863,0.0,0.0,0.0,0.0,0.0,0.0,,,,,,,,,,,,,,,,,,,25.06,1.607171428317465
DeadlineAwarePF,mixed_dynamic,5,21.07828576,0.7089014137457259,14.613988160000002,0.7541037036557557,6.464297599999999,0.06781789239780293,9.772103040000001,0.39756670361805696,4.841885120000001,0.3703006902857621,1.17365056,0.14410593047882517,1.0867134814814814,0.13343141711002332,1.319019190123457,0.0756326259597191,0.06775500103831292,0.01471240199928262,0.00034594472963362933,0.0005296747599226482,0.009786666666666667,0.014148220343523381,0.0637728173344914,0.020406635975536665,0.10840422208317042,0.024642688408833168,0.13145719482760715,0.027717099374854965,18.6,6.268971207462991,42.6,11.081516141756055,0.8684902970809405,0.0065380344102173756,55.48936,3.4597888624885775,50.51064,3.4597888624885775,0.0,0.0,0.0,0.0,0.0,0.0,,,,,,,,,,,,,,,,,,,23.44,0.4449719092257398
DeadlineAwarePF,hotspot_unseen,5,19.911974559999997,0.3326122617566101,13.91767888,0.3292460007732099,5.9942956800000005,0.09719200561297252,8.51994336,0.13960286370403766,5.39773552,0.24744881797323665,1.49780432,0.23153351327778024,1.0671848888888888,0.06424123024027968,1.313400979349046,0.03977246591161486,0.08391500115394593,0.02657747895241023,0.0007643021177500487,0.0007012892118975241,0.022503333333333334,0.021078735994150864,0.09570345807825247,0.010541954568719349,0.12708053419988546,0.03858875596968262,0.17740668140374583,0.05468047516158172,25.6,11.781341180018513,55.2,18.86001060445089,0.8877484849590346,0.00944457388550919,57.64502,3.8399861493239795,48.35498,3.8399861493239795,0.0,0.0,0.0,0.0,0.0,0.0,,,,,,,,,,,,,,,,,,,23.56,0.9208691546577068
DeadlineAwarePF,tight_sla,5,19.816756320000003,0.17600968905930178,14.89005168,0.09390062089438965,4.92670464,0.08639592142669725,9.000897120000001,0.004474464029579263,5.88915456,0.09487359558047763,1.6961019199999998,0.09805501132176773,1.2124390303030304,0.0008824701692593624,1.4196631149270484,0.014646642104721204,0.0011399999901186674,0.0005278494059858511,3.2730265229474756e-05,5.6701228764483625e-05,0.00046,0.0006857275130999355,0.0,0.0,0.0038950182951618976,0.0018792987045116686,0.006618049152418015,0.002442540600327571,1.6,0.5477225575051661,3.4,0.5477225575051661,0.8722341737965749,0.005563039059110629,76.91342,2.2451815532379555,29.086580000000005,2.2451815532379578,0.0,0.0,0.0,0.0,0.0,0.0,,,,,,,,,,,,,,,,,,,24.72,0.3033150177620619
SLAWeightedPF,nominal_hetero,5,19.83740784,0.10889300357234949,14.883006080000001,0.08914636836771156,4.95440176,0.03796223328056448,8.99695312,0.003361615687730697,5.88605296,0.08758985161197602,1.70375216,0.0715951199329115,1.2118222424242422,0.000381645198910196,1.4194724008978676,0.012970449494156223,0.0007400000002235174,0.001089523981641655,2.350165887037292e-05,5.2551306818164766e-05,0.0005233333333333333,0.00117020890822489,0.0,0.0,0.0027885196971865964,0.0029747994418193573,0.004773453533886523,0.005586820175340737,4.0,0.0,5.2,0.4472135954999579,0.8737336429121445,0.0024256416289072315,78.18485999999999,1.9913148804244896,27.815140000000003,1.9913148804244891,0.0,0.0,0.0,0.0,0.0,0.0,,,,,,,,,,,,,,,,,,,30.48,0.3114482300479485
SLAWeightedPF,load_surge,5,22.58696368,0.2646305531642791,17.6948088,0.21587592654374343,4.89215488,0.09233298092378497,10.74351744,0.00377530075729073,6.951291360000001,0.21782300030944377,1.9774803200000002,0.1860891382026151,1.4468837575757576,0.0003213112054153397,1.683100342312009,0.03307068092251653,0.0012000000016996637,0.0016096389191915933,0.0,0.0,0.0,0.0,0.0024628660219384014,0.0036582434937235267,0.0024186628980253535,0.0031881936067346185,0.004496622379742033,0.006214093564240372,4.0,0.0,5.0,0.0,0.8354320160635575,0.0064467962022353754,79.19618,3.372061791693623,26.80382,3.372061791693622,0.0,0.0,0.0,0.0,0.0,0.0,,,,,,,,,,,,,,,,,,,30.76,0.4219004621945789
SLAWeightedPF,edge_fade,5,17.713456639999997,0.9038222993843694,12.79424576,0.8968636984063781,4.9192108800000005,0.03903830511730701,8.55851888,0.6293252153747155,4.23572688,0.27508073904487024,1.04408192,0.07211256182962852,0.9633053333333332,0.06382977013491432,1.1545375157126823,0.07902283990165496,0.03900499977171421,0.02029909439791971,0.002551226747164037,0.003689762195449014,0.05508,0.06598591326942439,0.05671785120972968,0.032951570045916076,0.06420910105255424,0.028420517877079672,0.09157597390078036,0.03624588718015348,7.6,2.3021728866442674,18.6,5.128352561983234,0.8441498400239486,0.01486663285518681,57.360339999999994,6.099551313252477,48.639660000000006,6.099551313252477,0.0,0.0,0.0,0.0,0.0,0.0,,,,,,,,,,,,,,,,,,,29.859999999999996,0.618869937870632
SLAWeightedPF,bursty_urllc,5,22.46450304,0.39452218450592635,14.48862656,0.4361366238267644,7.975876480000001,0.06567426099311612,8.94715296,0.1164317889669659,5.541473600000001,0.33789921789456734,1.5773896,0.1314917106302903,1.2096408484848484,0.004964404690414668,1.3673406895622895,0.053800982483011565,0.044370000064373014,0.025037386898653678,7.056729300529696e-05,9.0261616190465e-05,0.006703333333333334,0.01087921948793509,0.007213344491365738,0.012511219308590636,0.0781483978025896,0.04172891991591488,0.09641175353932097,0.05241648889419145,9.8,4.604345773288535,25.2,9.444575162494075,0.9423976273033144,0.005549326796131304,58.39675999999999,5.302265843297562,47.60324000000001,5.302265843297562,0.0,0.0,0.0,0.0,0.0,0.0,,,,,,,,,,,,,,,,,,,31.4,0.7106335201775953
SLAWeightedPF,mixed_dynamic,5,20.85404752,0.8394554181522401,14.389935839999998,0.888564592597549,6.464111679999999,0.06774866674903644,9.448274080000001,0.5290107104559908,4.941661760000001,0.37269581522883766,1.2376832,0.12750753389380562,1.1460029629629627,0.1180625313831533,1.3113713223344559,0.08432155395730521,0.06812499836087227,0.015608620510403485,1.1910992907360195e-05,2.6633789820375254e-05,0.0008233333333333334,0.001841029301474827,0.06629018245941186,0.023873565519760685,0.10999420696405449,0.024325157741675957,0.13427624231805366,0.02750823692198982,18.56999999999971,6.507649345193741,42.4,10.737783756436894,0.881726825154136,0.01048668553896495,55.90254,3.474415085737454,50.09746,3.474415085737454,0.0,0.0,0.0,0.0,0.0,0.0,,,,,,,,,,,,,,,,,,,30.54,0.23021728866442637
SLAWeightedPF,hotspot_unseen,5,19.97757888,0.3352159285416376,13.983542719999999,0.32366889518350717,5.99403616,0.09722447590667674,8.50637888,0.13538998791296175,5.47716384,0.24448331362374826,1.53658176,0.20723854477265566,1.0891806666666666,0.050793223815343264,1.3238736856341187,0.03900824442516546,0.08482500016689301,0.026858152525836804,0.0003558761440217495,0.0004955439776689358,0.014356666666666667,0.020454752232400394,0.09337792687106758,0.010041705987023638,0.12976295626347661,0.03920705238169994,0.1812241569331274,0.05601223320362951,25.4,11.82370500308596,54.40199999999968,19.473906131025966,0.8905192241057518,0.00859539761154314,58.04464,3.8684459900585413,47.95536,3.8684459900585413,0.0,0.0,0.0,0.0,0.0,0.0,,,,,,,,,,,,,,,,,,,30.340000000000003,0.5224940191045259
SLAWeightedPF,tight_sla,5,19.860222560000004,0.15279901235534385,14.933714079999998,0.07379900686724646,4.92650848,0.08651848498460911,9.00080624,0.004421825628402596,5.93290784,0.07455725173346968,1.73701568,0.07744973211698018,1.2124390303030304,0.0008824701692593624,1.426353817396184,0.011509746413184137,0.0012650000047869981,0.0006216409709507467,6.485435278591467e-07,8.881828734721672e-07,7.999999999999999e-05,0.00011925695879998877,0.0,0.0,0.005758904743523386,0.0024267817878747804,0.009673218475767109,0.0032247900174044017,4.0,0.0,5.0,0.0,0.8731918005645939,0.004897955549883067,77.31676,2.250983326904042,28.68324,2.250983326904045,0.0,0.0,0.0,0.0,0.0,0.0,,,,,,,,,,,,,,,,,,,30.32,0.465832587954085
ReferenceClassPF,nominal_hetero,5,19.80247424,0.11883675531403548,14.847908479999997,0.0965369905005943,4.9545657599999995,0.037979073203647316,8.99712976,0.0030276532113175255,5.85077872,0.09507177375368572,1.67081008,0.07772832665349222,1.2118222424242422,0.000381645198910196,1.4141309860830527,0.014052263687651265,0.0032649999455315994,0.0029705112670334673,4.016433358629001e-05,8.390757394840024e-05,0.0008066666666666667,0.0013052032621609386,0.0,0.0,0.007461785934324122,0.006570075384704597,0.009757718740843023,0.008086526323974374,2.4,0.5477225575051661,5.4,2.073644135332772,0.8729659028863102,0.002701079519981856,77.86648,1.942906254043154,28.133519999999997,1.9429062540431536,0.35948,0.2621409296542606,0.014879999999999999,0.009093239246825082,0.0079,0.005989156868875619,0.2673272525285636,0.01779782889911224,,,1.1560795913292052,0.04074986858786558,0.2673272525285636,0.01779782889911224,1.1560795913292052,0.04074986858786558,0.0,0.0,,,0.0,0.0,,,117.45,0.8231038816577139
ReferenceClassPF,load_surge,5,22.5489736,0.2804147604326134,17.656580480000002,0.23079715904636286,4.8923931199999995,0.09229035018436124,10.74369888,0.003464687118918286,6.9128816,0.23250403589168042,1.95426912,0.20125790152665293,1.4469044242424243,0.00033162209509887664,1.6774467435465765,0.03537506475283256,0.0028900000783323777,0.003895775107410802,0.0,0.0,0.0,0.0,0.0029018367981800824,0.004226194806224031,0.005253552246333364,0.005550442612865787,0.007553556472112981,0.007749841728609152,2.2,0.44721359549995787,4.8,2.16794833886788,0.8347480723077535,0.006825122094589602,78.87298,3.322933809452123,27.127020000000005,3.322933809452122,0.25322,0.21613831682512935,0.0111,0.007286288492778748,0.00558,0.005309143057029072,0.25800915142462627,0.030890584965749538,,,1.1236593140689817,0.04233812376445181,0.25800915142462627,0.030890584965749538,1.1236593140689817,0.04233812376445181,0.0,0.0,,,0.0,0.0,,,117.38,0.4604345773288547
ReferenceClassPF,edge_fade,5,17.79307888,0.749306121151902,12.874228639999998,0.7425119416578069,4.91885024,0.0384726062643017,8.65515664,0.5124908956579498,4.219072,0.24031567247102312,1.0293649599999999,0.07451823628487196,0.9501769481481481,0.06502829708789853,1.1587167736251403,0.06631406693668061,0.11641500145196915,0.07353769823831514,0.0024648662190884353,0.002729526028601307,0.05345,0.0448245716345647,0.05442645347327334,0.025483220969962098,0.15513160323895075,0.08062046564177046,0.1701262214277154,0.08173122209541664,19.0,10.319883720275147,38.0,15.378556499229699,0.8398722517062472,0.011310968320394042,57.66161999999999,5.96703289055792,48.33838000000001,5.96703289055792,6.341139999999999,3.1485494196534374,0.19660000000000002,0.08947376710522474,0.16254,0.08357492446900565,0.4462688060718765,0.050341041472825754,,,2.0333029659043187,0.23823668048535399,0.4462688060718765,0.050341041472825754,2.0333029659043187,0.23823668048535399,0.0,0.0,,,0.0,0.0,,,126.16,2.9938269823087613
ReferenceClassPF,bursty_urllc,5,22.452266559999998,0.33717800830654565,14.476196960000001,0.37038578945111844,7.9760696,0.06565914846112485,8.9700304,0.06528143812876645,5.50616656,0.3197481725750561,1.55789552,0.11973324017611817,1.212147696969697,0.0007830445690135543,1.3638574606060607,0.04777642784958999,0.10139000043272972,0.05851565351452264,0.00010338207066524774,0.00019025519651815997,0.0034333333333333342,0.006301135259265235,0.006189004932208264,0.00928412537683203,0.16719823848606474,0.09060433850991507,0.17619571651989077,0.08998574880931498,23.0,14.212670403551895,43.6,17.096783323186852,0.9411710520288255,0.005902224044195227,58.44638,5.042952261027264,47.55362,5.042952261027264,4.980659999999999,2.6082766605557777,0.15433999999999998,0.07477043533376009,0.12467999999999999,0.0676037498959932,0.44108960012356685,0.04277318305427228,,,1.5323536043173356,0.2091681639617109,0.44108960012356685,0.04277318305427228,1.5323536043173356,0.2091681639617109,0.0,0.0,,,0.0,0.0,,,129.14000000000001,1.8283872675120032
ReferenceClassPF,mixed_dynamic,5,21.07814496,0.7427544825570079,14.61423536,0.7902867112257221,6.463909599999999,0.0672757630818114,9.66092224,0.4527108191454326,4.95331312,0.35247436381494746,1.22926032,0.12704844904599186,1.138204,0.11763745282036286,1.3272489657687991,0.07652711695877805,0.13519000113010407,0.02782668856744765,5.358175258152187e-05,0.00011981244112585774,0.0020533333333333332,0.004591392913799567,0.059011777161148235,0.019382291166076353,0.20388115204760426,0.043842887715456066,0.21341867024091615,0.04434122435966811,47.8,18.619881847100967,69.6,22.963013739489856,0.8754732718860178,0.008441940540363525,56.36324,3.3387469689989984,49.63676,3.3387469689989984,6.456360000000001,1.2944952174496438,0.19696,0.03813073563413116,0.16448000000000002,0.03327772528283747,0.4581830490287361,0.02916663275685719,,,1.872956928030509,0.14954449820486307,0.4581830490287361,0.02916663275685719,1.872956928030509,0.14954449820486307,0.0,0.0,,,0.0,0.0,,,128.89000000000001,0.8264381404557763
ReferenceClassPF,hotspot_unseen,5,20.07186032,0.2849037818478921,14.077564640000002,0.2735508105328307,5.9942956800000005,0.09719200561297252,8.58460464,0.09616548014733803,5.492959999999999,0.23179906340311232,1.53875056,0.21574124535352068,1.0973101481481482,0.051475173564124975,1.331564354208754,0.03570373507281771,0.14672000110149383,0.03630386596262248,0.00010801419557537884,0.00016795722928299113,0.007209999999999999,0.009878017119959968,0.090187944923062,0.008481159151403787,0.199274256924103,0.048891455043370634,0.2492229500810499,0.06312752712823412,56.2,28.804513535208333,84.0,27.883686987197372,0.8889950261670041,0.008409461538928301,58.65952,3.644518567245884,47.34048,3.644518567245884,6.811400000000001,1.4649858224569956,0.19994,0.041019787907789096,0.17674,0.03954539164049334,0.43590092635419425,0.03210529915662385,,,1.6915095109035594,0.12548376501156103,0.43590092635419425,0.03210529915662385,1.6915095109035594,0.12548376501156103,0.0,0.0,,,0.0,0.0,,,127.83999999999999,2.655748482066775
ReferenceClassPF,tight_sla,5,19.844267359999996,0.16341879441914842,14.917562720000001,0.08375063891835127,4.92670464,0.08639592142669725,9.00088624,0.00447525392888479,5.91667648,0.0846842136327192,1.72194608,0.08754276955289919,1.2124390303030304,0.0008824701692593624,1.4238751717171718,0.013064882127124982,0.004884999990463257,0.0023659432766101234,9.212170334649273e-06,1.5918109158494715e-05,0.0003066666666666666,0.0005340620022265413,0.0,0.0,0.017429626364596006,0.0078118358626238435,0.022227200070904885,0.008973388537606031,2.4,0.5477225575051661,5.6,0.8944271909999159,0.8728434303787302,0.00518514656764841,77.0128,2.2277874472220165,28.987199999999994,2.2277874472220187,0.50838,0.22457332210215888,0.02036,0.009257321426849128,0.01104,0.005004298152588433,0.2750292306028872,0.020599658793561484,,,1.1294103825953188,0.024975023202722487,0.2750292306028872,0.020599658793561484,1.1294103825953188,0.024975023202722487,0.0,0.0,,,0.0,0.0,,,118.35999999999999,2.0305171754998788
DemandAwareClassPF,nominal_hetero,5,19.8017488,0.11922283242667914,14.847195200000002,0.09686711181489752,4.9545536,0.03797989720049281,8.997110240000001,0.003099336723881504,5.850084959999999,0.09539977581759834,1.67020816,0.07806559890840513,1.2118222424242422,0.000381645198910196,1.414026520650954,0.01410248787583671,0.0033649999852059407,0.003062607109189139,4.504288917814847e-05,9.197916423341827e-05,0.0008333333333333333,0.001330152455756691,0.0,0.0,0.0076561237923877,0.006704065742320942,0.009815890489130048,0.008036925500583807,3.2,0.44721359549995787,5.8,1.7888543819998317,0.8729511553561791,0.0027116610589534434,78.01082000000001,1.9425104483631486,27.989179999999998,1.9425104483631488,0.37194,0.2638636447106725,0.016399999999999998,0.009555626614722867,0.00812,0.006005580737946997,0.30726751703747396,0.016504775029611198,,,1.0683025310483536,0.019787103237650375,,,,,,,,,,,,,98.54,0.4491658936295116
DemandAwareClassPF,load_surge,5,22.54957872,0.2799801115088564,17.6572488,0.23057290279996132,4.89232992,0.09225045935772923,10.74366512,0.003535255740677823,6.9135836799999995,0.23228646006418865,1.9541255999999998,0.2013105668030368,1.4468985454545455,0.0003280601777984511,1.6775405600448934,0.035347929689313363,0.002905000064492924,0.0038949648434423636,0.0,0.0,0.0,0.0,0.002902680846948326,0.004227307811841387,0.005415739754191613,0.0055671667718369695,0.007745039608804291,0.007756268765004374,3.0,0.0,5.4,1.6733200530681511,0.8347531978179216,0.006819997006542,79.01156,3.3168985284449075,26.988440000000004,3.316898528444909,0.26116,0.21627196535843476,0.01184,0.00773032987653179,0.005679999999999999,0.005337789804778753,0.29908479780481084,0.0276767157670932,,,1.054111428112559,0.019994593419413537,,,,,,,,,,,,,104.58,15.332710132262985
DemandAwareClassPF,edge_fade,5,17.80541744,0.7256652405233462,12.886579840000001,0.7188910464001952,4.918837600000001,0.038486359869439525,8.669867199999999,0.4937385756528245,4.21671264,0.23575922613201789,1.0243286399999998,0.07582234285042896,0.9450757185185186,0.06562008832592606,1.1591606973063973,0.06440165097112305,0.11752999946475029,0.07436717350476223,0.0026752371690236033,0.0028367524190633427,0.05456333333333334,0.04365035541410606,0.05456892390072675,0.02476670525903336,0.1567506750292352,0.08121761423114128,0.17172045291491916,0.08240468889749084,19.0,10.319883720275147,38.072000000000116,15.303134319478357,0.838961591314102,0.010739005015503705,57.724120000000006,5.987648253028895,48.275879999999994,5.987648253028895,6.43018,3.1838980545865474,0.20124,0.09008281190105025,0.16436,0.08428892572574408,0.4733548628742006,0.047025288867490106,,,1.7226614370298396,0.2335373937668328,,,,,,,,,,,,,114.55999999999999,25.003359774238337
DemandAwareClassPF,bursty_urllc,5,22.460941759999997,0.33076210121446575,14.484957600000001,0.3635104484599022,7.97598416,0.0656846581159407,8.97179552,0.06159793169151018,5.51316208,0.315873537164024,1.56009088,0.11943371413948418,1.2121627272727271,0.0007663905659263683,1.3649712014590347,0.047041878855614706,0.10256999954581261,0.05875946509777021,0.00012033483653794974,0.00021635064188841352,0.00377,0.006685747693580893,0.00590535296986936,0.008871154162894863,0.1695288806187784,0.09078246359103503,0.17876062153901215,0.08998925947357253,23.2,14.25482374496437,43.6,17.096783323186852,0.9413052794003743,0.005840964110195881,58.685739999999996,5.086298793130423,47.314260000000004,5.086298793130423,5.05516,2.6136844641233954,0.15819999999999998,0.07497116112212748,0.12633999999999998,0.06764741680212187,0.4620983420692927,0.04100486460379429,,,1.391855315944677,0.1912253383982586,,,,,,,,,,,,,115.88,24.9112825844034
DemandAwareClassPF,mixed_dynamic,5,21.1289904,0.7177926317990176,14.66511264,0.7642478555602548,6.46387776,0.06728103937936743,9.70499472,0.4300914289183078,4.96011792,0.348336680850283,1.2270888,0.12840574227035176,1.1361933333333334,0.11889420580588128,1.3310455195286195,0.07464645388214985,0.13584499806165695,0.027963218504962684,6.143952487036586e-05,0.000137382954115427,0.0021100000000000003,0.0047181034325245565,0.05782044193377985,0.018787797661729312,0.20532854697163172,0.04471985838793402,0.2149043876372423,0.04534437886070658,47.8,18.619881847100967,69.4,22.578751072634642,0.8742055423886365,0.007716336313153817,56.514120000000005,3.3587025191284816,49.485879999999995,3.3587025191284816,6.5333,1.3247371229794989,0.20088,0.03888318402600281,0.16604000000000002,0.03430339633330787,0.48055540001421776,0.027356676087473605,,,1.62739065613436,0.1226800321985821,,,,,,,,,,,,,116.2,26.112449138294174
DemandAwareClassPF,hotspot_unseen,5,20.074831519999996,0.28486636366161483,14.080574720000001,0.273236959751553,5.9942568000000005,0.09718005628810834,8.582185280000001,0.0987437296903054,5.498389439999999,0.23131614085067256,1.539844,0.21752171268689485,1.0956174814814814,0.052403174966771646,1.3321319826038158,0.03569370337993327,0.14760999828577043,0.03645231427435519,0.00011895116476807743,0.00018037391368023504,0.007700000000000001,0.010550829351287984,0.09023582527661599,0.008509272462998716,0.20097471968915057,0.04913994663121189,0.25131433658407815,0.06318308764203932,56.2,28.804513535208333,84.2,27.79748190034486,0.8890822315463927,0.008475704711633126,58.79979999999999,3.65560551071912,47.2002,3.6556055107191203,6.870659999999999,1.4682633561456202,0.20348000000000002,0.04103647158321485,0.17812,0.03994367284063898,0.46031845427386264,0.02966006564230974,,,1.5280247877079387,0.11159888058001827,,,,,,,,,,,,,104.6,1.5921683328090663
DemandAwareClassPF,tight_sla,5,19.84389504,0.16363336149761112,14.91727088,0.08388176236317338,4.92662416,0.08645891777513783,9.00088656,0.0044679048655939385,5.916384320000001,0.08482587748294726,1.72166928,0.0877725636797285,1.2124390303030304,0.0008824701692593624,1.4238310408529744,0.013087445359254372,0.005024999938905239,0.002354450622798495,1.0757922609627713e-05,1.8863654899710595e-05,0.00030999999999999995,0.0005412947441089743,0.0,0.0,0.018440860404865412,0.008097532129560766,0.02331409307175406,0.009519356575489572,3.2,0.4472135954999579,5.8,1.0954451150103321,0.8728339319998295,0.005193994385574728,77.1476,2.223085118703285,28.8524,2.223085118703286,0.53528,0.22305586071654787,0.021800000000000003,0.009766268478799875,0.01156,0.004966689037980937,0.31584415301493524,0.01897283190692802,,,1.0583936128761544,0.01173761828384205,,,,,,,,,,,,,98.44999999999999,0.8689073598491366
ReferenceResidual-Unconstrained-PPO,nominal_hetero,5,19.80224608,0.119889184169516,14.84768752,0.09780790486924833,4.95455856,0.037968199950590344,8.99707152,0.003147217519015845,5.8506160000000005,0.09625614658732164,1.67071152,0.0789999229540889,1.2118222424242422,0.000381645198910196,1.4141042107744108,0.014243549324875392,0.003765000027487986,0.003584803064266323,4.244408955855761e-05,8.505712987625109e-05,0.0008533333333333333,0.001324942346754085,0.0,0.0,0.00862564837296369,0.007868092494633076,0.0108034270898847,0.009110216134689923,2.8,0.8366600265340756,5.6,2.4083189157584592,0.8729615267389222,0.0027178211125762036,77.99122,1.933868395729137,28.00878,1.9338683957291396,0.40116000000000007,0.30939927763328734,0.01648,0.011012129675952786,0.009040000000000001,0.007198124755795776,0.2715127748496154,0.017247623169281814,0.24256508334901605,0.014442050430154155,1.0601221168647164,0.18748927961293702,0.28019029921634964,0.0213614132889602,1.1569184715963785,0.04102132816307289,-0.008677524366734291,0.012348657277613041,0.013109902900993356,0.0051456173364744645,-0.09679635473166197,0.1975622361287693,0.14344062780457595,0.060031779287562065,1609.7,359.9723791487342
ReferenceResidual-Unconstrained-PPO,load_surge,5,22.550615040000004,0.27935236221254456,17.65823664,0.22985790335450246,4.8923784,0.09229867513502045,10.74370864,0.0034443246490427136,6.914528000000002,0.23156279056739626,1.9551904,0.20047140938258495,1.4469080606060607,0.00033406535324509277,1.6776911644219976,0.035234458981020615,0.003155000140395714,0.003948987412180583,0.0,0.0,0.0,0.0,0.0028792253763034147,0.004190115035285725,0.00597372197441184,0.005557897811421264,0.008230384697663209,0.007571019159383766,2.8,0.4472135954999579,5.6,1.816590212458495,0.834777969396263,0.006802106989519355,79.00344,3.3470493741503136,26.99656,3.3470493741503122,0.28372,0.22163254950480535,0.01236,0.007803076316428028,0.00626,0.005424297189498378,0.2625949735690191,0.030932738480139565,0.23397893908135364,0.02370178534368866,1.0548181001040178,0.16631630523146487,0.2718585929807126,0.0282270607708297,1.123746561421901,0.041677362061610636,-0.009263619411693399,0.009031939659596424,0.01409572388834814,0.004579256593961842,-0.0689284613178833,0.16803021082794825,0.1419373196588563,0.05703794086976421,1700.0,308.8674776502051
ReferenceResidual-Unconstrained-PPO,edge_fade,5,17.81148528,0.736937794088071,12.892700639999997,0.7300974268464511,4.91878464,0.03842398405746072,8.665654720000001,0.4994105090644691,4.22704592,0.24159672505038654,1.03099552,0.07631351343629778,0.9515323407407408,0.0664473034662079,1.1604790163860832,0.0656197663670538,0.12046499848365784,0.07182729513609312,0.002445955469738692,0.0027624343563261745,0.052703333333333324,0.0443191838322363,0.054031193832380545,0.02523177081099098,0.1600188423097329,0.0782772519114885,0.17543973722776082,0.07906425174155392,19.6,9.964938534682489,39.8,13.590437814875576,0.8396735789363786,0.010735152214839819,57.81584,6.064131929880813,48.18416,6.064131929880813,6.541739999999999,3.045435445547976,0.20284,0.08584732377890412,0.16752,0.0811688795044012,0.4483138814275017,0.05102159917108257,0.3173807979539967,0.012717542220738762,2.004372249604189,0.1617867992243509,0.45655737932378776,0.04277966445638176,2.025489084017962,0.24707602017607158,-0.008243497896285949,0.010158254386981754,0.01505190416215003,0.0056169883631599395,-0.021116834413773107,0.1305945897994241,0.1932535683219897,0.1074253899566377,1723.2100000000003,302.8334492753401
ReferenceResidual-Unconstrained-PPO,bursty_urllc,5,22.46263792,0.32661401598466655,14.48659312,0.35914111218253963,7.9760447999999995,0.0656623812495406,8.97249872,0.05977282645376553,5.514094399999999,0.31306757185706713,1.5600071999999998,0.11979113039486686,1.212147696969697,0.0007830445690135543,1.365128955667789,0.04658514832138717,0.11027500033378601,0.06746721785422718,9.616693860152737e-05,0.0001648429309929118,0.0034600000000000004,0.005990010202180146,0.005783400751988612,0.008701773845395307,0.17853541201070317,0.10043594142436892,0.18761107731898524,0.09767993459209613,24.4,14.604793733565703,46.6,18.555322686496183,0.9413128881693721,0.00581187450270669,58.66189999999999,5.073130445297067,47.338100000000004,5.073130445297067,5.2829999999999995,2.823346421358881,0.16272,0.07928251383501914,0.13282,0.07421170392869308,0.4415899669056773,0.04265865658846305,0.29592180837863696,0.013138602326846967,1.4627628208493326,0.310951264958705,0.45350317768871073,0.041840362234171466,1.519703124295009,0.20054859730560204,-0.01191321078303347,0.010339526512794553,0.015831216567854828,0.0058445031173033095,-0.056940303445676556,0.1416110109634148,0.21260856088686123,0.1385476195374951,1692.1300000000003,336.6039895039866
ReferenceResidual-Unconstrained-PPO,mixed_dynamic,5,21.109104159999998,0.7307706582184907,14.64537024,0.77752878739008,6.46373392,0.06704887946828031,9.682069440000001,0.4456001370076627,4.9633008,0.348945100294932,1.23146704,0.12760882408912008,1.1402472592592592,0.11815631860103706,1.3300352749719417,0.07540055231069412,0.13945999890565872,0.030395948558350507,6.551554542966187e-05,0.0001464972131636996,0.0022033333333333336,0.004926803110424538,0.05794121955872731,0.019051706434304466,0.2099897155741738,0.048729281801698034,0.2197744591360684,0.04923877659216162,50.6,19.204166214652485,72.4,23.04994577000128,0.8750934522252539,0.008472240202135975,56.552859999999995,3.336311473468867,49.447140000000005,3.336311473468867,6.66516,1.4444824135308816,0.20293999999999998,0.04211588773847703,0.16996000000000003,0.03729239868927715,0.4598442591197373,0.028394417171633466,0.3097910521743669,0.007467492789850271,1.8167520837847928,0.18307217747095209,0.46910888709731813,0.0327780547211145,1.8621987190822842,0.1447800312801287,-0.009264627977580746,0.011770141777890873,0.015346596829028314,0.005979991227374227,-0.045446635297491086,0.1415637371910866,0.22221595171806605,0.1660398625702279,1723.0399999999997,296.4242976714291
ReferenceResidual-Unconstrained-PPO,hotspot_unseen,5,20.089751999999997,0.27970380735914047,14.09550016,0.2633874137976389,5.99425184,0.09720682805712844,8.59215728,0.08996596807700159,5.50334288,0.2286366729503216,1.5419798400000002,0.21553176114115527,1.1006693333333333,0.04867819278174334,1.3335903295173963,0.035003895407909616,0.1545150026679039,0.03977601582830532,6.181672652019187e-05,8.811391988279072e-05,0.005826666666666667,0.007984373627418885,0.08964962312433812,0.008235189174510875,0.2090169995406876,0.05067388160523831,0.2604591392118577,0.06384330308756485,63.2,37.917014650417826,90.8,37.47932763537788,0.8891685748564218,0.008461958061646197,58.93284,3.5496142505911843,47.06716,3.5496142505911843,7.10766,1.505969871212568,0.2088,0.0412355429211257,0.18452000000000002,0.041619911100337546,0.4354403129589877,0.030457803565364334,0.3044195369382078,0.008861223533545607,1.5943501326402412,0.26950584240406966,0.44801483823850097,0.03410756936664025,1.668733182053734,0.12170313169770436,-0.012574525279513239,0.008219020404820617,0.01732432016331876,0.006985505895168957,-0.07438304941349244,0.1563760631135844,0.2070382025134842,0.13723847661613559,1620.7,153.16207510346678
ReferenceResidual-Unconstrained-PPO,tight_sla,5,19.84447616,0.16457443847732903,14.9177864,0.08512988382090078,4.92668976,0.08639678906700206,9.00081824,0.004435078187360299,5.916968160000001,0.08602190107436573,1.72218272,0.08891226161307557,1.2124390303030304,0.0008824701692593624,1.4239147334455666,0.013274339742266028,0.005609999923035502,0.0023551538138799227,8.991654431156348e-06,1.5415172569287315e-05,0.0003066666666666666,0.0005340620022265413,0.0,0.0,0.019382709593829366,0.00764832779786585,0.02441839525639571,0.009049113519038985,3.0,0.7071067811865476,6.0,1.0,0.8728466883074344,0.005212863130493534,77.13836,2.195092991879844,28.86164,2.1950929918798416,0.5663,0.2160488833574476,0.022520000000000002,0.009281002101066457,0.0123,0.0048430362377335145,0.2788846989974342,0.020411562141644937,0.24974976403237853,0.015405911075209878,1.0331161010917829,0.19848034198860356,0.2880772485059038,0.026094549998869985,1.129748167582918,0.023594965644520353,-0.009192549508469655,0.011065602775955224,0.013385134897629353,0.0052071768355606875,-0.09663206649113511,0.18622645153869827,0.14259824534929721,0.06286305026032567,1496.7199999999998,200.09642862879886
ReferenceResidual-FixedPenalty-PPO,nominal_hetero,5,19.80342464,0.11808839479562867,14.848859520000001,0.0959112834448168,4.954565120000001,0.03798003487981526,8.99719392,0.0028889623105882384,5.8516656,0.09450201545025336,1.671632,0.07717382217928562,1.2118222424242422,0.000381645198910196,1.414269668799102,0.013961359031109993,0.003379999936441891,0.0031533910051094027,3.8590314670727824e-05,8.245902301809522e-05,0.0007633333333333332,0.0012924137624357507,0.0,0.0,0.00779096675493169,0.0071169340884368664,0.010008290604256686,0.008525518964624109,2.6,0.5477225575051661,5.6,2.4083189157584592,0.8729846630951726,0.002685492751253922,77.90718,1.9688815561125057,28.092819999999996,1.968881556112505,0.36863999999999997,0.2703421313816994,0.015359999999999999,0.009432550026371448,0.00816,0.006312923253137172,0.2776779594592943,0.02272593701554665,0.24739153692440627,0.016264276086294976,1.255116460753152,0.17868734641136966,0.2714025842193841,0.01579782386181983,1.154684545054558,0.03995389848890655,0.006275375239910175,0.01314378214031264,0.010228395710252252,0.004827691669115394,0.10043191569859422,0.17035831603353468,0.08714698673343299,0.023353792874061755,1664.7000000000003,165.80034303342075
ReferenceResidual-FixedPenalty-PPO,load_surge,5,22.54945552,0.2807858064433333,17.657068799999998,0.23137256223363992,4.892386719999999,0.0922973671730239,10.74369552,0.00346447182006123,6.913373279999999,0.23308012974535625,1.9543190400000001,0.20119986325991368,1.4469044242424243,0.00033162209509887664,1.6775140768799102,0.035452050128078456,0.0029300000685907436,0.0038673070390663907,0.0,0.0,0.0,0.0,0.0029002156891490384,0.004225272333715715,0.0054637569909644825,0.005401648301109102,0.007895275601255339,0.007513348589784055,2.2,0.44721359549995787,5.0,2.0,0.8347528677702867,0.006826796595411264,78.92392,3.3721866373319274,27.07608,3.3721866373319247,0.25934,0.21373986057822722,0.011379999999999998,0.007203610206000878,0.00566,0.005256709997707692,0.2688039337182389,0.037522932475044166,0.23881611472756936,0.026354825189721043,1.237462668923477,0.1976069797131507,0.2635487592697488,0.025713228312222475,1.1227165266468995,0.0420597771899533,0.00525517444849015,0.013058829989209169,0.012412240726278135,0.00535263766584261,0.11474614227657735,0.1892715917104284,0.0964004201184043,0.024917021062177722,1637.7,149.18664484463744
ReferenceResidual-FixedPenalty-PPO,edge_fade,5,17.79441328,0.7562059394698468,12.87557008,0.7492475191553946,4.9188432,0.03846747000570725,8.65489904,0.5180747979020481,4.22067104,0.24178388235142564,1.0301675200000002,0.07471055105480082,0.9508478962962965,0.06503633438255384,1.1589318222222222,0.06683667207656378,0.11898499876260757,0.07319566492538578,0.0024496888974681495,0.00270571408839158,0.053636666666666666,0.04529011328216249,0.05442364758956225,0.02568430120961897,0.15779249309365367,0.07992504498412638,0.17316292853198698,0.08110656426164944,19.2,10.305338422390601,38.6,15.388307249337076,0.8399546558537431,0.0115228499961552,57.71512,5.98423564642971,48.28488,5.984235646429708,6.44044,3.1269682470405735,0.19979999999999998,0.08871609211411423,0.16518,0.08310876608396973,0.45312747338901016,0.05384562246888783,0.31942588938972116,0.005690997962452544,2.094303538142886,0.35146852805389056,0.45042378543494194,0.04986478463506428,2.029314995100601,0.23959044319089834,0.002703687954068185,0.009533160388759494,0.012253353515355983,0.00559307188523894,0.06498854304228534,0.14172766289273256,0.12651923221194056,0.03470482058425776,1663.65,141.26130043292116
ReferenceResidual-FixedPenalty-PPO,bursty_urllc,5,22.458994399999995,0.3284966747428654,14.482925439999999,0.36063581280683654,7.976068960000001,0.06565998045299767,8.972303360000002,0.06022490773864222,5.51062208,0.3144699059970479,1.5590065599999998,0.1187248393830373,1.212147696969697,0.0007830445690135543,1.3646402494949494,0.046729888832394754,0.10691499859094619,0.06666131573531894,0.00010003563365899027,0.0001889192123262788,0.0033600000000000006,0.00629852936979913,0.005895613714704495,0.008739357712558675,0.17391990537671467,0.1003633381637315,0.18260745594812663,0.09783401852481173,23.8,14.463747785411636,45.6,18.447222013083707,0.9412455873461525,0.005830118425807761,58.529579999999996,4.995285070644118,47.470420000000004,4.995285070644118,5.151739999999999,2.837169767215208,0.15921999999999997,0.08032146039508993,0.12954000000000002,0.0743756546189679,0.4478965009494031,0.04026196589764352,0.2989966695903507,0.009129508810610568,1.6093750993841767,0.30228884542103945,0.44534153887218386,0.04564587260247046,1.5254200547823251,0.2014937591216041,0.002554962077219364,0.011403647245884819,0.012858377671652304,0.006281040392290515,0.08395504460185137,0.1851077811910421,0.12248488407295684,0.025051607032893365,1681.7900000000002,150.54129582941692
ReferenceResidual-FixedPenalty-PPO,mixed_dynamic,5,21.088621760000002,0.7535913928600634,14.624720159999999,0.8000321684713234,6.4639016,0.06726615418053908,9.66659584,0.45912705644809115,4.9581243200000005,0.35509165354340877,1.23100448,0.1278655549596998,1.1398189629629627,0.11839403237009238,1.3283196699214366,0.07744426757003936,0.13680999875068664,0.02757240554066879,4.6562557690776886e-05,0.00010411704420283274,0.0019666666666666665,0.004397600355749586,0.058638766966911525,0.019872796047442378,0.2063010582639111,0.04416156501997612,0.21598862935592625,0.0442894729830952,49.2,17.253985046939157,70.8,21.718655575334306,0.8754602198326806,0.008392327463911588,56.45548,3.412473451471822,49.54452,3.412473451471822,6.544639999999999,1.3031018275637556,0.19956,0.038211686693994544,0.16684000000000002,0.033430868968664276,0.464579213131996,0.03137185843712357,0.31172161559483597,0.004060782805311694,1.9624797415446409,0.26033981758790503,0.46313896149969336,0.02651173084111244,1.8663426906200051,0.15377479413107684,0.0014402516323025582,0.01112671346412199,0.01320591787489916,0.004484065658762191,0.09613705092463565,0.15244386390029285,0.13658210113562383,0.028151416520179537,1759.1299999999999,242.34059348363405
ReferenceResidual-FixedPenalty-PPO,hotspot_unseen,5,20.08039968,0.2789535721190049,14.086114720000001,0.26700935940965137,5.994284960000001,0.09718702800090197,8.58831168,0.09462634216174694,5.49780304,0.22873696510386762,1.54086992,0.21631871927771765,1.098749037037037,0.05082550687413108,1.3325282789001123,0.035165019163758963,0.15132000148296357,0.041474384235827055,8.204590121749789e-05,0.00012174583456057192,0.006590000000000001,0.009025824062100923,0.08989789902435669,0.00838390185739173,0.20354720822757427,0.053410860522631075,0.25354977161421777,0.0676241177376766,60.0,34.66987164671943,87.4,33.09531688925187,0.8890710001553297,0.008438609245136794,58.74784,3.5505420674877235,47.25216,3.5505420674877235,6.936920000000001,1.5951823021209834,0.20326,0.04434013982837671,0.18022,0.04342478554926898,0.44306890366763196,0.02599447450244922,0.30914414182284344,0.005833511317433251,1.7724310981399416,0.14046184324105748,0.44005497977397756,0.036294579474807846,1.6818354143341678,0.11655756085096931,0.003013923893654468,0.011600185693204004,0.012350571327235809,0.004510131611560657,0.09059568380577358,0.14428566309887697,0.12541008166993475,0.034693507517136686,2057.12,640.9540980054655
ReferenceResidual-FixedPenalty-PPO,tight_sla,5,19.84477296,0.16305620248971803,14.91806832,0.0834417625827258,4.92670464,0.08639592142669725,9.00088016,0.004476945044111971,5.91718816,0.08438112936034933,1.7224472000000002,0.08723819683785308,1.2124390303030304,0.0008824701692593624,1.42395374332211,0.013017764093324424,0.005129999993368983,0.0025634083118902602,8.81053383636754e-06,1.521115893582314e-05,0.0003066666666666666,0.0005340620022265413,0.0,0.0,0.017991333212133052,0.007985461318780973,0.02293725305068356,0.008999879505907688,2.4,0.5477225575051661,5.8,1.0954451150103321,0.8728552445611326,0.005174786691272495,77.05206000000001,2.207741199280386,28.94794,2.2077411992803855,0.52638,0.22477839531414046,0.02098,0.009503525661563712,0.01148,0.005077105474578995,0.28562049476975016,0.01687546987077831,0.255107849382232,0.014630052642800866,1.2367653354970058,0.14343739918216902,0.27901117570606915,0.023269965847769063,1.128296883508752,0.02652622257023931,0.006609319063681007,0.013265971853304932,0.010438480411234394,0.005270861276732846,0.10846845198825403,0.1658580030848352,0.0923690791976647,0.01445878047402526,1954.0700000000002,533.8425219575527
ReferenceResidual-SingleConstraint-PD-PPO,nominal_hetero,5,19.80216896,0.11838850233281936,14.84762576,0.09556931558344493,4.954543200000001,0.03796924067926573,8.99722704,0.00281082919580718,5.850398719999999,0.09421645000249125,1.6703580800000002,0.07688233717696154,1.2118222424242422,0.000381645198910196,1.4140765663299664,0.013912681649693911,0.0038750001200241967,0.0036359319595088415,4.032916313008172e-05,8.457358348263076e-05,0.0008033333333333333,0.0013045007559301077,0.0,0.0,0.0084172019520953,0.007603712105270231,0.010308078709943084,0.008692861284590068,3.0,0.7071067811865476,5.8,2.3874672772626644,0.8729542429456533,0.0026996077777622267,78.02217999999999,1.9770675549914807,27.97782,1.9770675549914833,0.39346000000000003,0.2864154814251492,0.01652,0.010196420940702673,0.008700000000000001,0.006738323233564861,0.2734213537130583,0.023927825801219816,0.2409442211707705,0.01841345754773282,0.9381492011206081,0.3666295986687872,0.28605271327525894,0.020817964931489776,1.1585087477259979,0.03850384592809058,-0.01263135956220068,0.023245271381864687,0.014510257975497886,0.0072015222103820956,-0.22035954660538995,0.3477748168117659,0.09076948949602921,0.025311766202334635,1561.08,89.91742461836863
ReferenceResidual-SingleConstraint-PD-PPO,load_surge,5,22.54974144,0.28019436927070435,17.65737808,0.23084985725382715,4.892363359999999,0.09230887820772192,10.74369888,0.003464687118918286,6.9136792,0.23254307427433743,1.9543598399999997,0.2007608216794501,1.4469044242424243,0.00033162209509887664,1.6775558102132435,0.035370333605442825,0.0032349999928555917,0.004390565181870346,0.0,0.0,0.0,0.0,0.0028895658536103844,0.004201754606546523,0.00594154493237382,0.005939182104670594,0.008259563603731031,0.007954417996390862,2.8,0.8366600265340756,5.4,2.3021728866442674,0.8347569753744887,0.006811296595084498,79.03041999999999,3.3458186475061718,26.96958,3.3458186475061664,0.2842,0.24368729962802738,0.01278,0.008821394447591606,0.00622,0.005995998665777036,0.2650153076308369,0.03740888230292287,0.23257348551736948,0.026033043819712103,0.9155731553721006,0.35561879620562087,0.2772478258131659,0.033620307854994015,1.1248864376298227,0.03988749119863308,-0.012232518182329021,0.025018828669007686,0.015307739579048995,0.008101107014575544,-0.2093132822577219,0.3224757837701825,0.1027663452881794,0.025461027484221667,1512.6100000000001,32.50448815163839
ReferenceResidual-SingleConstraint-PD-PPO,edge_fade,5,17.839776639999997,0.6677543060184702,12.920952320000001,0.6619413925289996,4.918824320000001,0.038483990028478195,8.6906904,0.4503390588334967,4.23026192,0.22245646358465754,1.03009584,0.0719757857758288,0.9498358370370369,0.0615041924609429,1.1624983212121216,0.05967664439666476,0.12456000000238418,0.08623166057722699,0.0022117841872386634,0.002365609043832314,0.04865,0.036780131260716775,0.05269121053102512,0.021349426871461394,0.16196534362128215,0.08931093838820495,0.17633014963268495,0.08931430485050357,21.6,16.04057355583023,40.4,17.896927110540513,0.838680897089936,0.009431222926843966,57.8855,5.796905355446129,48.1145,5.796905355446129,6.60624,3.4450683727612716,0.20472,0.09643185158442204,0.16936,0.09192672625520827,0.4491430951198299,0.04498590462804351,0.31424881216944606,0.009665805110657986,1.7854304631915348,0.40934819870560274,0.4607438292005668,0.05376452784252923,2.0226076281054524,0.2090378277944043,-0.011600734080736821,0.019565610619629036,0.015820675103696075,0.007987449605641586,-0.23717716491391752,0.33230392592481767,0.1410558547791727,0.02558270119807679,1521.23,11.938467238301548
ReferenceResidual-SingleConstraint-PD-PPO,bursty_urllc,5,22.46274272,0.32736411041485963,14.486710400000002,0.35989820903627656,7.97603232,0.06565902815631648,8.97234144,0.06031028332720732,5.5143689600000005,0.3131828510806552,1.5600601600000001,0.11751016343094757,1.2121537575757575,0.0007761971588358029,1.3651784262626263,0.04656411595361058,0.10939500108361244,0.06566573946427681,9.833456861088052e-05,0.00017862930496749473,0.0033833333333333332,0.0061600640328562245,0.005785337685918575,0.008773225564731497,0.17757933618521282,0.09890948928059297,0.185584277130796,0.09755121934400729,24.8,15.514509338035799,45.73799999999974,18.725202802640414,0.9413341526995037,0.005782784164086233,58.692539999999994,4.958838350158231,47.307460000000006,4.958838350158231,5.29266,2.8494288169736754,0.1635,0.08135892698407471,0.13262000000000002,0.07407426678678636,0.44371192849884855,0.03775874002497627,0.2953386429926895,0.008756259544824313,1.3014877670462053,0.301883309454515,0.4570551466076327,0.050113066590381096,1.5223386721856307,0.2054526654635327,-0.01334321810878423,0.022660014041316685,0.015536404302126388,0.007447003922392882,-0.22085090513942532,0.34534149553696336,0.13686325818287634,0.014504718974018779,1562.06,82.91807251739509
ReferenceResidual-SingleConstraint-PD-PPO,mixed_dynamic,5,21.1353616,0.7307673015561656,14.6715216,0.7777301203799685,6.46384,0.06717860500367688,9.703400160000001,0.44860283681934965,4.96812144,0.34549245456832767,1.23189536,0.1247666364960121,1.1406438518518518,0.11552466342223348,1.332102771043771,0.0752705726455987,0.14255500137805938,0.033202075418704305,4.9422698793932796e-05,0.0001105125141347306,0.00201,0.004494496634774578,0.05739308393091772,0.0188774240005886,0.2153508651327735,0.05418429588710583,0.22522809909401076,0.05501494401334705,50.2,18.48512915832616,72.0,22.54994456755936,0.8745568700893859,0.008222050666867995,56.58858,3.223204094065407,49.41142,3.223204094065407,6.7926400000000005,1.559852852996077,0.20670000000000002,0.04559155623577682,0.17326,0.04004026723187546,0.4610937506093135,0.02520136110382842,0.3069561082913429,0.0027512313188245777,1.631840238171181,0.4220931193910608,0.4730681965425242,0.03960988977073924,1.864648911106223,0.14605915317067955,-0.011974445933210558,0.021435333783200738,0.016834565508487297,0.007781397658702279,-0.23280867293504218,0.3066663838966584,0.15102517446227823,0.03258972062671423,1589.32,106.65736378703535
ReferenceResidual-SingleConstraint-PD-PPO,hotspot_unseen,5,20.088739519999997,0.2853122218811374,14.094504319999999,0.277649332584597,5.9942352,0.09722270596193107,8.59096928,0.10902835539524572,5.503535040000001,0.22753020546548952,1.54234912,0.21646437364784077,1.0988212592592592,0.05506986581570916,1.333523434455668,0.035748064480380856,0.1538500025868416,0.03893648790630233,0.00010809016821440309,0.0001641589407605194,0.0074399999999999996,0.010189609358993547,0.08980787114047949,0.008768456910542611,0.20793150384916048,0.05019897472532922,0.258560620568648,0.06369036624631813,63.0,35.6931365951495,90.4,32.638933806115666,0.8890863773590223,0.008418120109143746,58.89284,3.7501596843334544,47.10716,3.7501596843334544,7.06976,1.4826991545826143,0.20736,0.040994060545400966,0.18362,0.04071175505919636,0.43922064735244176,0.03547795966207246,0.304255663585931,0.011316038244959714,1.5033101829082622,0.22492650116184243,0.45150110903560314,0.025068879170526446,1.6765190067625633,0.13612682123085096,-0.012280461683161346,0.024387488922638884,0.01587918366747067,0.00775110273417313,-0.17320882385430109,0.3186129339125258,0.13936984784348064,0.029231437084219276,1527.8100000000002,36.12115723506101
ReferenceResidual-SingleConstraint-PD-PPO,tight_sla,5,19.844307039999997,0.1624830345530508,14.91765184,0.08253745295493402,4.926655200000001,0.0864346279034047,9.00087936,0.0044709703787878235,5.9167724800000006,0.0834469824510867,1.7219791999999998,0.08640349993096343,1.2124390303030304,0.0008824701692593624,1.4238884778900114,0.012877413103790548,0.005309999920427799,0.0022283402212543205,8.970159251475707e-06,1.5392847970047713e-05,0.0003066666666666666,0.0005340620022265413,0.0,0.0,0.01881527585739424,0.0071011989762826315,0.02365702301814091,0.007916582665696247,2.8,0.44721359549995787,5.8,1.0954451150103321,0.8728459952813579,0.005163744425792307,77.15812,2.284652122753046,28.841880000000003,2.2846521227530454,0.5549999999999999,0.19480820054607556,0.022299999999999997,0.00805574329283152,0.012079999999999999,0.004465086785270808,0.2808781416538614,0.02254549731985076,0.2490140309298213,0.019413030834203395,0.9389739555729582,0.3283305215372965,0.2929010804614995,0.017885070764839014,1.1318697084234541,0.027222023893361993,-0.01202293880763803,0.022983938798990713,0.014073956205691898,0.007556662464386064,-0.1928957528504959,0.34269885490926505,0.09856395452881679,0.022692262465384434,1515.91,26.49187139482604
ReferenceResidual-MultiConstraint-PD-PPO,nominal_hetero,5,19.8033304,0.11776564626817144,14.848764639999999,0.09550139421373825,4.9545657599999995,0.037979073203647316,8.99719696,0.0028756810615921205,5.8515676800000005,0.09410566303826788,1.67148656,0.07673551880249459,1.2118222424242422,0.000381645198910196,1.414253056453423,0.01389788627033024,0.0036999999516410752,0.0035821606404505472,3.822232065431308e-05,8.121907587259322e-05,0.0007766666666666666,0.0012936597526225957,0.0,0.0,0.008052248780748703,0.007543073259316366,0.010219067110028436,0.008808778413217793,2.8,0.8366600265340756,5.669999999999709,2.3915476160846625,0.8729824938106849,0.0026783832973628924,77.96097999999999,1.926168317411536,28.03902,1.9261683174115403,0.38204,0.28979016201382685,0.016120000000000002,0.010412108335971153,0.008499999999999999,0.006845436436049932,0.2772361026860306,0.018144148340248703,0.24551423196419705,0.01473380175795648,1.2179284888826012,0.34610899487686614,0.2770997310199358,0.022886569189346066,1.1546700932878982,0.03900464898306301,0.00013637166609480265,0.01968193210033528,0.013868301454202436,0.0047646213627143994,0.06325839559470328,0.3336920927364045,0.1289390974207441,0.041791622323094905,1406.14,198.83387349745018
ReferenceResidual-MultiConstraint-PD-PPO,load_surge,5,22.549588160000003,0.27957054452593527,17.65722384,0.23018104336849354,4.89236432,0.09232504938635006,10.74369552,0.00346447182006123,6.91352832,0.23186953077045735,1.9544992,0.2002011674771154,1.4469044242424243,0.00033162209509887664,1.6775367571268238,0.035268267461276495,0.0031049999575770925,0.003973403669943175,0.0,0.0,0.0,0.0,0.0028768319363425164,0.004184016267544588,0.005719422480985997,0.005363771954330149,0.008087872403614102,0.007402869125597297,2.6,0.5477225575051661,5.0,2.1213203435596424,0.8347592058962379,0.006796676835806799,78.97044000000001,3.3317854482244202,27.029560000000004,3.3317854482244207,0.27548000000000006,0.21795980592760678,0.012,0.007592101158440922,0.006039999999999999,0.005323344813179022,0.2678631582669977,0.03409280490386502,0.23684814724248887,0.023948499287965126,1.2081625802737872,0.3546984421791167,0.2687561202477733,0.03177528875301922,1.1225606875624607,0.0402756202422089,-0.000892961980775623,0.01866662090849025,0.014733454266624651,0.004856860227207979,0.08560189271132682,0.3368515767716128,0.13458749510501172,0.043250538846362444,1417.3799999999999,218.47757779689888
ReferenceResidual-MultiConstraint-PD-PPO,edge_fade,5,17.80081152,0.7437075555608347,12.88197456,0.7370488402544616,4.91883696,0.03848352706247195,8.660419520000001,0.5079137385887803,4.22155504,0.23973116658350446,1.02997008,0.0731935368547797,0.9501499555555555,0.06308170012647593,1.1593945306397306,0.06589428958413572,0.11862500011920929,0.07375938178910695,0.002393615012988448,0.0026531241031180716,0.05268666666666666,0.04427241961863942,0.05424023699333662,0.025239134688578514,0.15706127466417075,0.07994354175366887,0.17213651922207215,0.08107517947687923,19.2,10.183319694480772,38.8,14.411800720243116,0.8397280581519284,0.011128094731963996,57.74732,6.019641105747086,48.25268,6.019641105747086,6.426220000000001,3.1012822818956676,0.1994,0.08731239889042106,0.16456,0.08256487146480639,0.4533626249438452,0.05061977791488881,0.3188944781408923,0.012162044982627998,2.0349851358551736,0.4034102093524032,0.4533215076620385,0.04631207955514956,2.0296662071309295,0.2390087362907251,4.111728180668968e-05,0.014832018109577703,0.015019458079336915,0.0057953412827834744,0.005318928724244032,0.2745091010252222,0.2057409784239342,0.04654073529325608,1390.4099999999999,179.76130492962048
ReferenceResidual-MultiConstraint-PD-PPO,bursty_urllc,5,22.456238399999997,0.33274303030368635,14.480175680000002,0.3658420041544056,7.97606272,0.06565938036771314,8.970775360000001,0.06366739376578832,5.509400319999999,0.3162995456212226,1.55897104,0.11842654528697526,1.212147696969697,0.0007830445690135543,1.3643654124579125,0.04721520042257252,0.10366499945521354,0.06026494939033642,8.731890557100996e-05,0.0001603073836299323,0.0031433333333333335,0.0058207435569311555,0.006017322858135282,0.009112485816300791,0.17015723974759817,0.09226226822330538,0.1792602744073078,0.09172061195727295,23.6,14.707141122597553,44.0,17.05872210923198,0.9412399043154969,0.005831791739427777,58.55756,4.986121974841773,47.44244,4.986121974841773,5.0729999999999995,2.652520905666909,0.15768,0.07645189337092967,0.12677999999999998,0.06854332206714232,0.4490848816501883,0.03492534579578297,0.2995578145728182,0.010797672447161748,1.5679896730640093,0.379330178134362,0.4482296230885848,0.047344908135176916,1.5285370820093065,0.20691320219841075,0.00085525856160342,0.017238296761048637,0.01489733012952862,0.005049279158749076,0.039452591054702855,0.32462961102942606,0.20290579716644422,0.040580450056632134,1420.3200000000002,202.73427990845556
ReferenceResidual-MultiConstraint-PD-PPO,mixed_dynamic,5,21.092406399999998,0.7370115793484935,14.628555519999997,0.78400640806373,6.46385088,0.06719229781955655,9.669971359999998,0.4516152011320792,4.958584159999999,0.34693407809756593,1.23100272,0.1247626159823206,1.1398173333333332,0.11552094072437089,1.3285936548821546,0.0757155208770776,0.13799000084400176,0.031000860710231268,4.62804950075224e-05,0.00010348633286915974,0.0019733333333333334,0.004412507475599586,0.05846151976846868,0.019076419987120088,0.20831435991430788,0.04865839680488104,0.2180477061100466,0.04873827591601562,49.4,20.03247363657319,70.4,23.04994577000128,0.8753691215616242,0.00841797712194789,56.4616,3.268437932713424,49.5384,3.268437932713424,6.59748,1.4402699389350593,0.20076,0.041675088482209605,0.16818,0.03728440692836618,0.46589554955884827,0.025058975321420946,0.31125107933861684,0.0048950024273450975,1.886225032809462,0.3650903270009838,0.46489270757596196,0.03554183047731672,1.8676547542812578,0.13958257090019208,0.0010028419828862867,0.01442866159252762,0.0171009038795019,0.0062648622809302595,0.01857027852820452,0.24006125345070906,0.2323017342797697,0.04088970796596458,1430.39,220.43052023256678
ReferenceResidual-MultiConstraint-PD-PPO,hotspot_unseen,5,20.08261248,0.2867676687564902,14.08834048,0.2771058319493689,5.9942720000000005,0.09720425322217169,8.589690880000001,0.10357322544766133,5.4986496,0.22994522695981315,1.54134784,0.21544371376479754,1.098931925925926,0.053356045971003206,1.332761439393939,0.035798666708917515,0.1487700015306473,0.03586070048464121,0.00011180121218785643,0.00016510650666898884,0.007619999999999999,0.010446991858371906,0.08989540958978778,0.008678450652505228,0.20230705017350153,0.04840400386859105,0.25266256923704133,0.06314365198809459,58.2,29.76071235706565,86.4,28.814926687395893,0.8890465783533024,0.008372858311945876,58.797900000000006,3.7244979171695074,47.2021,3.724497917169507,6.91266,1.4371650820278095,0.20306000000000002,0.040416246733213604,0.17902,0.03879506411903453,0.4441476740112771,0.035896255990413815,0.30768323071371023,0.006519977248124724,1.760700480438048,0.18172476781740313,0.443751342639748,0.027915945427898558,1.6818169239671783,0.13454968629305905,0.0003963313715291721,0.017131837753528036,0.01592366681061083,0.006238959484661753,0.07888355647086973,0.25639414669591326,0.22085601308196004,0.046425540264726874,1441.55,230.75563915102916
ReferenceResidual-MultiConstraint-PD-PPO,tight_sla,5,19.84515984,0.16249913310232772,14.918486240000002,0.08286768141928447,4.926673600000001,0.08640664647583567,9.000886079999999,0.004475153757358535,5.917600159999999,0.08383185280147391,1.7228324799999999,0.08672012434603625,1.2124390303030304,0.0008824701692593624,1.4240172025813693,0.01293176548200279,0.005230000102892518,0.0023108035802740525,7.985541742527857e-06,1.3761190990973419e-05,0.0003033333333333333,0.0005268354160034759,0.0,0.0,0.01834880262777721,0.0072563361032451194,0.023097801566149906,0.008385132250003414,2.8,0.44721359549995787,5.8,1.0954451150103321,0.8728636961607309,0.005161785848312004,77.10585999999999,2.2891236834212374,28.894140000000004,2.2891236834212334,0.5359200000000001,0.2040409689253607,0.021400000000000002,0.00844926032265547,0.01166,0.004648978382397578,0.28520878048135795,0.028258850536278305,0.2520920396935475,0.019617322811633368,1.2148017957737596,0.30184299391268243,0.2848637813871623,0.016667316353092747,1.1285994267917225,0.027940779466067586,0.00034499909419563184,0.019383514406483004,0.014204746762449516,0.005032175131618361,0.08620236898203679,0.3258036683838484,0.1337017714205309,0.0255235507650508,1427.1299999999999,219.69697767607087
